{"stats":{"minecraft:mined":{"minecraft:grass":3,"minecraft:oak_log":6},"minecraft:custom":{"minecraft:jump":10,"minecraft:time_since_rest":873,"minecraft:crouch_one_cm":947,"minecraft:sprint_one_cm":944,"minecraft:play_time":873,"minecraft:time_since_death":873,"minecraft:walk_one_cm":536,"minecraft:sneak_time":225,"minecraft:total_world_time":873,"minecraft:fall_one_cm":627,"minecraft:fly_one_cm":3664},"minecraft:picked_up":{"minecraft:oak_log":6,"minecraft:wheat_seeds":1},"minecraft:crafted":{"minecraft:oak_planks":24}},"DataVersion":3465}