{"stats":{"minecraft:used":{"minecraft:crafting_table":1,"minecraft:wooden_pickaxe":6},"minecraft:mined":{"minecraft:grass":5,"minecraft:grass_block":1,"minecraft:oak_log":9,"minecraft:dirt":1,"minecraft:tall_grass":1,"minecraft:stone":5,"minecraft:crafting_table":1,"minecraft:oak_leaves":6},"minecraft:custom":{"minecraft:time_since_rest":7827,"minecraft:sprint_one_cm":8407,"minecraft:play_time":10161,"minecraft:deaths":1,"minecraft:walk_one_cm":38288,"minecraft:mob_kills":1,"minecraft:jump":92,"minecraft:damage_dealt":79,"minecraft:leave_game":3,"minecraft:time_since_death":7720,"minecraft:total_world_time":10161,"minecraft:interact_with_crafting_table":15,"minecraft:fall_one_cm":1105,"minecraft:fly_one_cm":1840},"minecraft:killed":{"minecraft:sheep":1},"minecraft:picked_up":{"minecraft:crafting_table":1,"minecraft:feather":2,"minecraft:chicken":3,"minecraft:wheat_seeds":3,"minecraft:porkchop":5,"minecraft:oak_log":9,"minecraft:oak_sapling":2,"minecraft:mutton":2,"minecraft:dirt":2,"minecraft:white_wool":1,"minecraft:cobblestone":4},"minecraft:crafted":{"minecraft:oak_planks":36,"minecraft:crafting_table":1,"minecraft:stick":4,"minecraft:wooden_pickaxe":1}},"DataVersion":3465}