{"stats":{"minecraft:used":{"minecraft:wooden_pickaxe":57,"minecraft:dirt":2,"minecraft:crafting_table":2,"minecraft:porkchop":3,"minecraft:oak_boat":1},"minecraft:mined":{"minecraft:pumpkin":13,"minecraft:crafting_table":2,"minecraft:grass":7,"minecraft:grass_block":1,"minecraft:oak_log":11,"minecraft:sunflower":15,"minecraft:dirt":3,"minecraft:tall_grass":1,"minecraft:stone":56,"minecraft:sugar_cane":7,"minecraft:oak_leaves":6},"minecraft:custom":{"minecraft:time_since_rest":21105,"minecraft:sprint_one_cm":29618,"minecraft:damage_taken":148,"minecraft:walk_one_cm":79730,"minecraft:mob_kills":1,"minecraft:damage_dealt":79,"minecraft:swim_one_cm":7341,"minecraft:interact_with_crafting_table":16,"minecraft:fly_one_cm":6118,"minecraft:play_time":23439,"minecraft:deaths":1,"minecraft:walk_under_water_one_cm":400,"minecraft:boat_one_cm":196438,"minecraft:jump":197,"minecraft:leave_game":7,"minecraft:walk_on_water_one_cm":369,"minecraft:time_since_death":20998,"minecraft:total_world_time":23439,"minecraft:fall_one_cm":3914},"minecraft:killed":{"minecraft:sheep":1},"minecraft:picked_up":{"minecraft:crafting_table":2,"minecraft:feather":6,"minecraft:chicken":7,"minecraft:pumpkin":13,"minecraft:porkchop":5,"minecraft:oak_log":11,"minecraft:dirt":4,"minecraft:wheat_seeds":3,"minecraft:beef":5,"minecraft:oak_sapling":2,"minecraft:sugar_cane":12,"minecraft:mutton":2,"minecraft:white_wool":1,"minecraft:cobblestone":53,"minecraft:sunflower":17},"minecraft:crafted":{"minecraft:oak_boat":1,"minecraft:oak_planks":44,"minecraft:crafting_table":1,"minecraft:stick":4,"minecraft:wooden_pickaxe":1}},"DataVersion":3465}