{"stats":{"minecraft:used":{"minecraft:wooden_axe":9,"minecraft:stone_shovel":131,"minecraft:stone_pickaxe":39,"minecraft:wooden_pickaxe":12,"minecraft:rotten_flesh":2,"minecraft:stone_axe":24,"minecraft:cobblestone":15,"minecraft:dirt":3,"minecraft:beef":1,"minecraft:crafting_table":3,"minecraft:furnace":1,"minecraft:cooked_beef":3},"minecraft:broken":{"minecraft:stone_shovel":1},"minecraft:mined":{"minecraft:furnace":1,"minecraft:pumpkin":5,"minecraft:crafting_table":3,"minecraft:grass":27,"minecraft:oak_log":10,"minecraft:grass_block":8,"minecraft:coal_ore":4,"minecraft:sand":128,"minecraft:dirt":5,"minecraft:sunflower":24,"minecraft:tall_grass":3,"minecraft:cobblestone":15,"minecraft:stone":31,"minecraft:sugar_cane":7,"minecraft:oak_leaves":3},"minecraft:custom":{"minecraft:time_since_rest":21945,"minecraft:interact_with_furnace":5,"minecraft:sprint_one_cm":78207,"minecraft:damage_taken":180,"minecraft:walk_one_cm":25260,"minecraft:mob_kills":5,"minecraft:drop":6,"minecraft:damage_dealt":719,"minecraft:interact_with_crafting_table":4,"minecraft:swim_one_cm":8378,"minecraft:fly_one_cm":136217,"minecraft:crouch_one_cm":842,"minecraft:play_time":21945,"minecraft:sneak_time":376,"minecraft:walk_under_water_one_cm":809,"minecraft:boat_one_cm":12808,"minecraft:jump":596,"minecraft:time_since_death":21945,"minecraft:walk_on_water_one_cm":11126,"minecraft:total_world_time":21945,"minecraft:fall_one_cm":15970},"minecraft:killed":{"minecraft:zombie":1,"minecraft:cow":4},"minecraft:picked_up":{"minecraft:crafting_table":3,"minecraft:pumpkin":4,"minecraft:leather":1,"minecraft:sand":128,"minecraft:oak_log":10,"minecraft:dirt":14,"minecraft:rotten_flesh":2,"minecraft:wheat_seeds":2,"minecraft:beef":15,"minecraft:sugar_cane":14,"minecraft:coal":7,"minecraft:furnace":1,"minecraft:cobblestone":47,"minecraft:sunflower":17},"minecraft:dropped":{"minecraft:dirt":1,"minecraft:wheat_seeds":2,"minecraft:wooden_axe":1,"minecraft:beef":10,"minecraft:wooden_pickaxe":1},"minecraft:crafted":{"minecraft:cooked_beef":4,"minecraft:oak_planks":20,"minecraft:stone_shovel":1,"minecraft:crafting_table":1,"minecraft:stick":12,"minecraft:wooden_pickaxe":1,"minecraft:stone_pickaxe":1,"minecraft:wooden_axe":1,"minecraft:furnace":1,"minecraft:stone_hoe":1,"minecraft:stone_axe":1,"minecraft:air":0}},"DataVersion":3465}