{"stats":{"minecraft:used":{"minecraft:wooden_axe":9,"minecraft:stone_pickaxe":14,"minecraft:wooden_pickaxe":12,"minecraft:rotten_flesh":2,"minecraft:stone_axe":7,"minecraft:beef":1,"minecraft:crafting_table":2},"minecraft:mined":{"minecraft:crafting_table":2,"minecraft:grass":18,"minecraft:oak_log":10,"minecraft:grass_block":1,"minecraft:coal_ore":4,"minecraft:sunflower":24,"minecraft:tall_grass":3,"minecraft:stone":22,"minecraft:sugar_cane":3,"minecraft:oak_leaves":3},"minecraft:custom":{"minecraft:time_since_rest":9945,"minecraft:sprint_one_cm":40259,"minecraft:walk_one_cm":8523,"minecraft:mob_kills":4,"minecraft:drop":6,"minecraft:damage_dealt":508,"minecraft:interact_with_crafting_table":2,"minecraft:swim_one_cm":6557,"minecraft:fly_one_cm":81608,"minecraft:crouch_one_cm":33,"minecraft:play_time":9945,"minecraft:sneak_time":60,"minecraft:walk_under_water_one_cm":573,"minecraft:boat_one_cm":12808,"minecraft:jump":316,"minecraft:time_since_death":9945,"minecraft:walk_on_water_one_cm":1329,"minecraft:total_world_time":9945,"minecraft:fall_one_cm":7874},"minecraft:killed":{"minecraft:cow":4},"minecraft:picked_up":{"minecraft:crafting_table":2,"minecraft:leather":1,"minecraft:oak_log":10,"minecraft:dirt":2,"minecraft:rotten_flesh":2,"minecraft:wheat_seeds":2,"minecraft:beef":15,"minecraft:sugar_cane":5,"minecraft:coal":4,"minecraft:cobblestone":23,"minecraft:sunflower":17},"minecraft:dropped":{"minecraft:dirt":1,"minecraft:wheat_seeds":2,"minecraft:wooden_axe":1,"minecraft:beef":10,"minecraft:wooden_pickaxe":1},"minecraft:crafted":{"minecraft:oak_planks":20,"minecraft:crafting_table":1,"minecraft:stick":8,"minecraft:wooden_pickaxe":1,"minecraft:stone_pickaxe":1,"minecraft:wooden_axe":1,"minecraft:stone_axe":1}},"DataVersion":3465}